"predictor","RR","lwr","upr","p","n"
"pct_urban_pop",1.09807115702885,0.856914775364178,1.37781197910265,0.429604140424486,22
"human_dog_ratio",1.09436752902107,0.855798590011477,1.37720105225436,0.446437466575225,22
"area_km2",0.945867870502778,0.725871866076881,1.23489751147501,0.638237860168171,22
"human_density_km2",1.0459283801229,0.804501621709811,1.34259264785004,0.705700139489642,22
"owned_dog_density_km2",1.04219765332289,0.801930158930876,1.34044843485119,0.728156397367455,22
"dogs_per_rural_dwelling",1.0295162780946,0.837993306926031,1.25328878900633,0.796264531279864,20
"dogs_per_urban_dwelling",1.0249614428888,0.792003174047469,1.27930548495343,0.840792207235247,21
"pop_total",1.01216327713288,0.78893735402597,1.28892577365739,0.919247425407718,22
"owned_dogs_total",1.00677558270535,0.785011774563533,1.28193534156886,0.954830910990989,22
