"outcome","season","set","RR","lwr","upr","p","n"
"public, all dogs","all-year","all",1.07106197809739,0.833815522440426,1.42144366230617,0.641788204934078,25
"public, ownerless","all-year","all",0.995160790007562,0.75612274114703,1.3611524317279,0.975301648778334,25
"public, all dogs","all-year","drop low-effort",0.955603413977759,0.736170331849438,1.29548646454111,0.777054754873836,22
"public, ownerless","all-year","drop low-effort",0.951677959829394,0.712245719276338,1.34345785638996,0.776297308472932,22
"public, all dogs","summer","all",1.05061517448938,0.803828427902442,1.42200993345363,0.749956078114796,25
"public, ownerless","summer","all",0.996397104895481,0.757895813969344,1.35707483217009,0.981242490676174,25
"public, all dogs","summer","drop low-effort",0.93861558899562,0.710855271422323,1.30044611603579,0.707558527949124,22
"public, ownerless","summer","drop low-effort",0.912375155227559,0.683062028539248,1.28323438252096,0.587997599740854,22
